label;P;P_set
power;-67337472.23157012;False
heat;-142278900.12237787;False
