label;P;P_set
power;-74999999.99999666;False
heat;-156053105.72938654;False
