;invest_ges;Q_tes;total_heat_demand;Gesamtbetrag
0;3180664281.9084783;150000.0;1196628.5;51012001.81438537
