;invest_ges;Q_tes;total_heat_demand;Gesamtbetrag
0;6082666000.546095;150000.0;1196628.5;38580173.55952243
