label;P;P_set
power;-78836734.08249958;False
heat;-162950427.42490083;False
