;invest_ges;Q_tes;total_heat_demand;Gesamtbetrag
0;3110738809.7845826;150000.0;1196628.5;49863707.64764501
