;invest_ges;Q_tes;total_heat_demand;Gesamtbetrag
0;3188803757.2178864;150000.0;1196628.5;50355559.460237905
