label;P;P_set
power;-53736244.110436246;False
heat;-113302398.9718193;False
