;invest_ges;objective;total_heat_demand;ausgaben
0;27345223.05860137;3408125.4591986844;59831.425;695711.9815507429
