label;P;P_set
power;-105380978.03459533;False
heat;-74999999.99999997;True
ti;224949659.1121857;False
ice_power;-105404983.12685272;False
heat_cond;0.0;False
