label;P;P_set
power;106409150.49963929;False
heat;-74999999.99999997;True
ti;227041468.85721746;False
ice_power;106385145.40738189;False
heat_cond;0.0;False
