label;P;P_set
power;106409150.49963933;False
heat;-75000000.0;True
ti;227041468.85721755;False
ice_power;106385145.40738194;False
heat_cond;0.0;False
