;invest_ges;Q_tes;total_heat_demand;Gesamtbetrag
0;3201213933.8977036;150000.0;1196628.5;49743147.280537955
