;invest_ges;Q_tes;total_heat_demand;Gesamtbetrag
0;3108942068.3517957;150000.0;1196628.5;49444192.36250871
