;invest_ges;Q_tes;total_heat_demand;Gesamtbetrag
0;3108774280.834646;150000.0;1196628.5;50514720.873545215
