label;P;P_set
power output;-125722104.2395019;False
gas turbine power output;-91722174.62763639;False
heat output;-65000000.00000001;True
heat cond;-15648421.640278183;False
heat input;236360862.57558843;False
