label;P;P_set
power output;-137327221.5817345;False
gas turbine power output;-100188836.93074018;False
heat output;-71000000.00000001;True
heat cond;-17092891.33015044;False
heat input;258178788.42854536;False
