label;P;P_set
power output;-242513317.22463247;False
gas turbine power output;-173255634.94524062;False
heat output;-75000000.00000001;True
heat cond;-72223484.4935919;False
heat input;446466206.10540694;False
