label;P;P_set
power output;-145063966.41695473;False
gas turbine power output;-105833278.4023315;False
heat output;-75000000.00000001;True
heat cond;-18055871.123397935;False
heat input;272724072.16608125;False
