label;P;P_set
power output;-425913651.0091926;False
gas turbine power output;-310444283.44738185;False
heat output;-219999999.99999997;True
heat cond;-52963888.628634095;False
heat input;799990612.0321624;False
