label;P;P_set
power output;-145063966.45959437;False
gas turbine power output;-105833278.44797115;False
heat output;-75000000.00000001;True
heat cond;-18055871.123397917;False
heat input;272724072.2836919;False
