label;P;P_set
power;-4999999.999999997;True
heat;-11798985.172691245;False
