label;P;P_set
power;-74999999.99999996;True
heat;-156053105.72938433;False
