;invest_ges;Q_tes;objective;total_heat_demand;ausgaben
0;27345223.05860137;150;3729471.6856830325;59831.425;365351.9840665655
