;invest_ges;Q_tes;objective;total_heat_demand;ausgaben
0;27345223.05860137;150;3729981.823509511;59831.425;364806.628286683
