label;P;P_set
power output;-143620798.25998592;False
gas turbine power output;-100188836.9307402;True
heat output;-9999999.999999996;True
heat cond;-71675498.67904763;False
heat input;258178788.4285481;False
