label;P;P_set
power output;-449734738.2706227;False
gas turbine power output;-310444283.44738203;True
heat output;-100000.00000000003;True
heat cond;-249765229.74229243;False
heat input;799990612.0321631;False
