label;P;P_set
power output;-151881361.67221957;False
gas turbine power output;-105833278.40259533;True
heat output;-9999999.999999998;True
heat cond;-76104834.59616004;False
heat input;272724072.1667627;False
