label;P;P_set
power output;-133051230.107398;False
gas turbine power output;-91722174.60648488;True
heat output;-100000.00000000001;True
heat cond;-73659169.68941067;False
heat input;236360862.52108267;False
