label;P;P_set
power output;-249239032.3159485;False
gas turbine power output;-173255634.94524053;True
heat output;-9999999.999999998;True
heat cond;-130365618.66708182;False
heat input;446466206.10540926;False
