label;P;P_set
power output;-151881361.67191082;False
gas turbine power output;-105833278.40244354;True
heat output;-9999999.999999996;True
heat cond;-76104834.59599109;False
heat input;272724072.1663827;False
