label;P;P_set
power output;-383721123.8094098;False
gas turbine power output;-266672047.24953833;True
heat output;-9999999.999999998;True
heat cond;-205865521.10633704;False
heat input;688453526.7436154;False
