label;P;P_set
power output;-141703018.31161204;False
gas turbine power output;-98777726.4793009;True
heat output;-9999999.999999998;True
heat cond;-70418526.3002532;False
heat input;254542467.27889168;False
