label;P;P_set
power output;-151835875.62363002;False
gas turbine power output;-105822240.97206588;True
heat output;-9999999.999999998;True
heat cond;-76104469.01227693;False
heat input;273195843.94599694;False
