label;P;P_set
power;-46230045.530937105;False
heat;-97531990.1052569;False
