label;P;P_set
power;-84056315.7871407;False
heat;-65000000.000000015;True
ti;179447936.36686757;False
