;invest_ges;Q_tes;objective;total_heat_demand;ausgaben
0;30555565.074541435;3000;3803283.685902924;59831.425;300553.7548456914
