;invest_ges;Q_tes;objective;total_heat_demand;ausgaben
0;30555565.074541435;150;3763664.4602608182;59831.425;340172.9804877457
