;invest_ges;Q_tes;objective;total_heat_demand;ausgaben
0;30555565.074541435;150;3762948.005759284;59831.425;340889.43499042373
