label;P;P_set
power output;-135393035.29489255;False
gas turbine power output;-98777726.47930092;False
heat output;-70000000.00000001;True
heat cond;-16852146.381838363;False
heat input;254542467.27888194;False
