;invest_ges;Q_tes;total_heat_demand;Gesamtbetrag
0;3194050126.592716;150000.0;1196628.5;49674346.45361084
