;invest_ges;Q_tes;objective;total_heat_demand;Gesamtbetrag;Betrag_ohnePrimär
0;3113728170.883671;150000;69679189.81202371;1196628.5;-30488062.880685363;2419574.5711684264
