;invest_ges;Q_tes;objective;total_heat_demand;Gesamtbetrag;Betrag_ohnePrimär
0;3108811573.5358696;150000;72184420.25950503;1196628.5;-28696800.38804092;11622533.081810001
