;invest_ges;Q_tes;objective;total_heat_demand;Gesamtbetrag;Betrag_ohnePrimär
0;3108461652.0358696;150000.0;71747597.98444499;1196628.5;-29107296.63570698;11625643.340739232
