;invest_ges;Q_tes;total_heat_demand;Gesamtbetrag
0;3112033994.531053;150000.0;1196628.5;49404041.534960635
