;invest_ges;Q_tes;objective;total_heat_demand;Gesamtbetrag;Betrag_ohnePrimär
0;3108811573.5358696;150000;71743835.78327872;1196628.5;-29132702.0676924;11683372.065781001
