;invest_ges;Q_tes;objective;total_heat_demand;Gesamtbetrag;Betrag_ohnePrimär
0;3117643102.2358694;150000;70854372.27700925;1196628.5;-29437651.079251986;2064039.0878496356
