;invest_ges;Q_tes;total_heat_demand;Gesamtbetrag
0;6082590077.463448;150000.0;1196628.5;38439034.60556012
