;invest_ges;Q_tes;total_heat_demand;Gesamtbetrag
0;3108942068.352439;150000.0;1196628.5;49241543.18242801
