;invest_ges;Q_tes;objective;total_heat_demand;Gesamtbetrag;Betrag_ohnePrimär
0;3108811573.5358696;150000;72113989.59335776;1196628.5;-28768962.431310266;11572291.695350565
