;invest_ges;Q_tes;total_heat_demand;Gesamtbetrag
0;3108942068.352439;150000.0;1196628.5;49225459.161111504
