;invest_ges;invest_solar;invest_ehk;invest_slk;invest_bhkw;invest_gud;invest_hp;invest_tes;Q_tes;total_heat_demand;Gesamtbetrag
0;3108461652.0358696;19406852.235869452;6000000.0;4500000.0;103290078.5;146238471.3;16526250.0;2812500000.0;150000.0;1196628.5;49514736.66941056
