;invest_ges;Q_tes;total_heat_demand;Gesamtbetrag
0;3254719066.2155204;150000.0;1196628.5;50469941.761825025
