;invest_ges;Q_tes;objective;total_heat_demand;Gesamtbetrag;Betrag_ohnePrimär
0;3118848170.883671;150000;70255114.85495238;1196628.5;-30069144.954818886;2414633.0207091533
