;invest_ges;Q_tes;objective;total_heat_demand;Gesamtbetrag;Betrag_ohnePrimär
0;3117644565.150811;150000;69523294.0421879;1196628.5;-30750091.627365775;1404164.7711031884
