;invest_ges;Q_tes;objective;total_heat_demand;Gesamtbetrag;Betrag_ohnePrimär
0;3117444213.2358694;150000;72418177.81855512;1196628.5;-28670429.515569936;12714852.68364174
