;invest_ges;Q_tes;total_heat_demand;Gesamtbetrag
0;3112033994.531073;150000.0;1196628.5;49407431.58701546
