;invest_ges;Q_tes;objective;total_heat_demand;Gesamtbetrag
0;301228170.8836706;150000;69679189.81202371;1196628.5;12283146.76231759
