;invest_ges;Q_tes;objective;total_heat_demand;Gesamtbetrag;Betrag_ohnePrimär
0;3116129260.935869;150000;72627462.68738969;1196628.5;-28428978.526400466;12786419.430920329
