;invest_ges;Q_tes;objective;total_heat_demand;Gesamtbetrag;Betrag_ohnePrimär
0;3108461652.0358696;150000.0;71724886.62853856;1196628.5;-29130653.51937217;11668999.525458742
