;invest_ges;invest_solar;invest_ehk;invest_slk;invest_bhkw;invest_gud;invest_hp;invest_tes;Q_tes;total_heat_demand;Gesamtbetrag
0;3110998077.2358255;21261987.32961397;6000000.0;4500000.0;103290078.5;146238471.3;12134536.529329676;2812500000.0;150000.0;1196628.5;51827238.66502348
