label;P;P_set
power;-62196080.78519969;False
heat;-126345187.4872671;False
