label;P;P_set
power;-91256744.1914468;False
heat;-64947734.80000001;True
ti;194799610.7115833;False
ice_power;-91277531.87628473;False
heat_cond;0.0;False
