label;P;P_set
power;-28101594.142564956;False
heat;-20000000.0;True
ti;59986575.76324967;False
ice_power;-28107995.50049413;False
heat_cond;0.0;False
