label;P;P_set
power;-21074567.36910652;False
heat;-15000000.0;True
ti;44989931.82243703;False
ice_power;-21080996.625370495;False
heat_cond;0.0;False
