label;P;P_set
power;-103273358.47391766;False
heat;-73500000.00000001;True
ti;220450665.92994362;False
ice_power;-103296883.46431643;False
heat_cond;0.0;False
