label;P;P_set
power;-105380978.03456622;False
heat;-74999999.99999999;True
ti;224949659.11211643;False
ice_power;-105404983.12682027;False
heat_cond;0.0;False
