label;P;P_set
power;-103624628.40071046;False
heat;-73750000.00000001;True
ti;221200498.12696677;False
ice_power;-103648233.40806442;False
heat_cond;0.0;False
