label;P;P_set
power;-105380978.0346218;False
heat;-75000000.0;True
ti;224949659.11219895;False
ice_power;-105404983.12685893;False
heat_cond;0.0;False
