label;P;P_set
power;-105380978.03463481;False
heat;-75000000.0;True
ti;224949659.11224204;False
ice_power;-105404983.12687913;False
heat_cond;0.0;False
