label;P;P_set
power;-21074567.369095482;False
heat;-14999999.999999998;True
ti;44989931.82243716;False
ice_power;-21080996.625370555;False
heat_cond;0.0;False
