label;P;P_set
power;-105380978.03461704;False
heat;-75000000.0;True
ti;224949659.11214998;False
ice_power;-105404983.12683599;False
heat_cond;0.0;False
