label;P;P_set
power;5958912.427976428;False
heat;-4199999.999999999;True
ti;12714322.256004237;False
ice_power;5957568.142813413;False
heat_cond;0.0;False
