{
    "121": {
        "Q": [
            9999999.999999998,
            20833333.333333336,
            31666666.666666668,
            42499860.54155356,
            53332522.06014395,
            64166666.66666668,
            75000000.00000001,
            70420478.85520816,
            66147354.21593692,
            61777797.45104377,
            57173385.48837407,
            52666917.99341334,
            47392408.84649371,
            40990436.71903491,
            40990436.71903492,
            36447054.86136437,
            31903673.003693823,
            27360291.146023273,
            22816909.288352724,
            18273527.430682182,
            13730145.573011633,
            9186763.715341093,
            4643381.857670545
        ],
        "P": [
            148735940.34111053,
            145642813.063546,
            142141025.4532032,
            138626134.9842298,
            136625605.0492033,
            136304884.83581588,
            135101359.8074355,
            123435806.48650162,
            111422051.19294882,
            99416166.22374201,
            87364478.75731587,
            74688582.79483414,
            61703819.27650753,
            48171700.794320084,
            48171717.05915599,
            48671300.87099491,
            49283087.277085304,
            50002698.61213561,
            50834545.706206106,
            51627915.85563695,
            52482938.329189025,
            53403418.834819354,
            54395268.64287875
        ],
        "Laufzeit": 67.35464525222778
    },
    "122": {
        "Q": [
            9999999.999999998,
            20833333.33333334,
            31666666.666666668,
            42500000.00000001,
            53333333.333333336,
            64166666.66666668,
            75000000.00000001,
            70419135.12239328,
            66144404.04697965,
            61769867.658627,
            57163888.84371613,
            52655727.1042314,
            47380163.507464334,
            40975580.59145138,
            40975580.59145138,
            36433849.41462345,
            31892118.237795513,
            27350387.06096758,
            22808655.88413965,
            18266924.707311727,
            13725193.53048379,
            9183462.353655862,
            4641731.17682793
        ],
        "P": [
            144380746.6252077,
            142952181.80693164,
            141337955.53532636,
            139554555.82090348,
            137741886.16533965,
            136139105.44444087,
            134931388.5212097,
            123275544.6479236,
            111272143.50776568,
            99274210.66519602,
            87232894.82266276,
            74566392.27889802,
            61592014.71171526,
            48073336.25252419,
            48073357.9020133,
            48575150.12675665,
            49189186.938264586,
            49911725.10982483,
            50746498.8741265,
            51542766.62804167,
            52400943.52824624,
            53324797.924108766,
            54320087.846128695
        ],
        "Laufzeit": 51.69161868095398
    },
    "123": {
        "Q": [
            9999999.999999998,
            20833333.33333333,
            31666666.666666664,
            42500000.0,
            53333333.333333336,
            64166666.66666667,
            75000000.00000003,
            70417828.6240914,
            66141522.49261624,
            61762038.317779616,
            57154524.273977086,
            52645039.308434166,
            47368419.733776666,
            40961224.47559046,
            40961224.47559046,
            36421088.422747076,
            31880952.369903695,
            27340816.317060307,
            22800680.264216922,
            18260544.211373534,
            13720408.158530151,
            9180272.105686769,
            4640136.052843384
        ],
        "P": [
            144230936.9954471,
            142799847.1395432,
            141182293.2152057,
            139396566.06260762,
            137579575.4725321,
            135973627.57911018,
            134761643.68637106,
            123115499.28782064,
            111122405.59051739,
            99132429.86393078,
            87101456.10973471,
            74443951.7933923,
            61480394.818452284,
            47974774.95429048,
            47974798.58166545,
            48478802.733242705,
            49094971.0462293,
            49820582.08728795,
            50658293.36323881,
            51457466.98633177,
            52318809.819030955,
            53246045.15430423,
            54244787.062018394
        ],
        "Laufzeit": 50.639084815979004
    },
    "124": {
        "Q": [
            10000000.0,
            20833333.333333332,
            31666666.66666667,
            42500000.0,
            53333333.33333333,
            64166666.66666668,
            75000000.0,
            70416559.35198313,
            66138709.622916445,
            61754309.73280684,
            57145297.88866961,
            52634852.35060131,
            47357175.39977985,
            40947366.59498315,
            40947366.59498315,
            36408770.30665169,
            31870174.018320236,
            27331577.729988772,
            22792981.441657305,
            18254385.15332585,
            13715788.86499438,
            9177192.576662926,
            4638596.288331464
        ],
        "P": [
            144082061.70440596,
            142648334.43265197,
            141027332.49161592,
            139239122.73337626,
            137417700.05490732,
            135808339.30567858,
            134591854.38258907,
            122955668.34747247,
            110972838.27522536,
            98990824.62218197,
            86970169.4119357,
            74321262.55991986,
            61368597.04181666,
            47876027.04105538,
            47876042.94071966,
            48382262.20094757,
            49000580.50476616,
            49729254.87787198,
            50569931.91075303,
            51372019.51807843,
            52236539.55420733,
            53167163.27425196,
            54169386.12051857
        ],
        "Laufzeit": 53.054874658584595
    }
}