{
    "95": {
        "Q": [
            10000000.0,
            20833333.333333336,
            31666513.45214448,
            42498677.71837216,
            53333333.333333336,
            64166666.66666668,
            75000000.00000001,
            70456993.04559489,
            66231966.324619085,
            61961000.961160794,
            57408542.34336403,
            53015734.58050371,
            47822216.60455663,
            41500527.623651706,
            41500527.6236517,
            36900468.99880151,
            32300410.37395132,
            27700351.74910114,
            23100293.12425095,
            18500234.499400757,
            13900175.874550566,
            9300117.249700384,
            4700058.62485019
        ],
        "P": [
            151387409.69064313,
            148456317.29953307,
            145912998.8800089,
            144114559.5746215,
            142236148.32184446,
            140667713.6719642,
            139501058.3336468,
            127599254.06471942,
            115331823.76914869,
            103100232.81826082,
            90796669.22650781,
            77788624.34868714,
            64499544.826781675,
            50632004.60334894,
            50632000.32521151,
            51087979.64023837,
            51639234.37329409,
            52289217.04331484,
            53045444.79558858,
            53775034.64522726,
            54548196.376521535,
            55385767.90690244,
            56289754.19905838
        ],
        "Laufzeit": 143.1961374282837
    },
    "96": {
        "Q": [
            9999999.999999998,
            20833333.333333336,
            31666666.66666667,
            42500000.00000001,
            53333333.33333333,
            64166666.66666666,
            75000000.00000004,
            70454927.15058139,
            66228028.792648666,
            61951539.852683246,
            57396824.138099946,
            52998998.549523555,
            47800766.64505395,
            41473508.332214355,
            41473508.33221436,
            36876451.850857206,
            32279395.369500056,
            27682338.888142906,
            23085282.406785753,
            18488225.925428603,
            13891169.444071446,
            9294112.962714301,
            4697056.48135715
        ],
        "P": [
            148671894.04111484,
            147249438.21852165,
            145627824.32886988,
            143859317.53237727,
            142063530.25839418,
            140494930.26049837,
            139331351.96611598,
            127439505.84255393,
            115180219.55357358,
            102956673.86650652,
            90663803.90820847,
            77669443.95490511,
            64393288.81832048,
            50542821.00792649,
            50542807.10169425,
            51000295.86706877,
            51552953.36695154,
            52205582.45197209,
            52964947.6100601,
            53696230.21909438,
            54472312.962370895,
            55312973.903288335,
            56220012.05665926
        ],
        "Laufzeit": 122.80111289024353
    },
    "97": {
        "Q": [
            9999999.999999998,
            20833333.33333334,
            31666666.666666664,
            42499999.99999999,
            53333333.33333335,
            64166666.66666668,
            75000000.00000003,
            70453214.15161037,
            66224137.16774136,
            61942150.29605866,
            57385206.3458341,
            52982401.54104038,
            47779484.14949379,
            41446994.2811447,
            41446994.2811447,
            36852883.80546196,
            32258773.32977922,
            27664662.854096465,
            23070552.378413722,
            18476441.902730975,
            13882331.42704823,
            9288220.951365488,
            4694110.475682744
        ],
        "P": [
            148492464.53003642,
            147070531.91862646,
            145449957.4268881,
            143684397.14909968,
            141890922.0361454,
            140323722.37496382,
            139161758.8377572,
            127277952.7552492,
            115028728.13984622,
            102813236.51006922,
            90531046.08974588,
            77550285.21175072,
            64287117.79304285,
            50453294.746091805,
            50453280.87801586,
            50912282.15579672,
            51466380.97828413,
            52121670.58369452,
            52884191.161285855,
            53617235.56327799,
            54396209.98612159,
            55239965.077901974,
            56150080.428055875
        ],
        "Laufzeit": 107.64662623405457
    },
    "98": {
        "Q": [
            9999999.999999998,
            20833333.333333336,
            31666666.666666668,
            42500000.00000001,
            53333333.33333333,
            64166666.66666669,
            75000000.0,
            70451595.9725356,
            66220291.25043297,
            61932832.14823687,
            57373688.64229686,
            52966010.31637356,
            47758369.13264615,
            41420983.67442822,
            41420983.67442822,
            36829763.266158424,
            32238542.857888617,
            27647322.449618813,
            23056102.04134901,
            18464881.6330792,
            13873661.224809403,
            9282440.816539604,
            4691220.408269801
        ],
        "P": [
            148313345.6914283,
            146891342.15968233,
            145272306.847613,
            143509613.3690518,
            141718322.37749413,
            140153316.3981361,
            138992276.70142755,
            127116085.4525336,
            114877351.01242594,
            102669914.98806643,
            90398391.37178373,
            77430627.15743445,
            64181033.76710413,
            50363439.901935436,
            50363426.06839222,
            50823942.61503222,
            51379521.4468812,
            52037485.33742113,
            52803179.06507086,
            53538016.58532026,
            54319890.34047754,
            55166620.85094676,
            56079961.74802347
        ],
        "Laufzeit": 111.8000762462616
    }
}