plant,parameter,unit,value
GuD,Q_N,MW,75.0
GuD,Q_in,MW,272.7240721667627
GuD,P_max_woDH,MW,155.5514629149416
GuD,P_min_woDH,MW,59.12848115710411
GuD,Eta_el_max_woDH,-,0.5703655920965548
GuD,Eta_el_min_woDH,-,0.4714780951816029
GuD,H_L_FG_share_max,-,0.13696382128451362
GuD,Q_CW_min,MW,8.982062267222393
GuD,beta,-,0.1830552382975867
