plant,parameter,unit,value
GuD,Q_N,MW,75.0
GuD,Q_in,MW,272.7335451469983
GuD,P_max_woDH,MW,151.79615874132944
GuD,P_min_woDH,MW,56.93331232716842
GuD,Eta_el_max_woDH,-,0.5565731148308658
GuD,Eta_el_min_woDH,-,0.4539591496643422
GuD,H_L_FG_share_max,-,0.13178630615974618
GuD,Q_CW_min,MW,16.082189337240965
GuD,beta,-,0.14654704999978144
