plant,parameter,unit,value
GuD,Q_N,MW,75.0
GuD,Q_in,MW,272.7240721660847
GuD,P_max_woDH,MW,155.55146291442517
GuD,P_min_woDH,MW,59.128481156913466
GuD,Eta_el_max_woDH,-,0.5703655920960813
GuD,Eta_el_min_woDH,-,0.4714780951812527
GuD,H_L_FG_share_max,-,0.13696382128669066
GuD,Q_CW_min,MW,8.982062295803184
GuD,beta,-,0.18305523847974575
