plant,parameter,unit,value
GuD,Q_N,MW,75.0
GuD,Q_in,MW,272.7240721667627
GuD,P_max_woDH,MW,153.71641229358252
GuD,P_min_woDH,MW,51.06176942633059
GuD,Eta_el_max_woDH,-,0.563635206006799
GuD,Eta_el_min_woDH,-,0.407132911403464
GuD,H_L_FG_share_max,-,0.13182362256524666
GuD,Q_CW_min,MW,18.58649840750958
GuD,beta,-,1.82657889729798
