plant,parameter,unit,value
GuD,Q_N,MW,71.0
GuD,Q_in,MW,258.18783191706245
GuD,P_max_woDH,MW,146.23847134906998
GuD,P_min_woDH,MW,54.35741321080372
GuD,Eta_el_max_woDH,-,0.5664034213511894
GuD,Eta_el_min_woDH,-,0.45782468189451786
GuD,H_L_FG_share_max,-,0.13321115771360242
GuD,Q_CW_min,MW,15.371407628128726
GuD,beta,-,0.17166794915113587
