;invest_ges;Q_tes;total_heat_demand;Gesamtbetrag
0;3229078412.1943674;150000.0;1196628.5;49717089.90634434
